{
  "logistic_regression": {
    "accuracy": 0.9173117785869113,
    "roc_auc": 0.842512607629375,
    "precision_yes": 0.544660846205507,
    "recall_yes": 0.10295797892598706,
    "f1_yes": 0.17317958573563955,
    "confusion_matrix": [
      [
        85098,
        678
      ],
      [
        7066,
        811
      ]
    ]
  },
  "random_forest": {
    "accuracy": 0.9164895945671788,
    "roc_auc": 0.8123248328614848,
    "precision_yes": 0.6917808219178082,
    "recall_yes": 0.012822140408785071,
    "f1_yes": 0.025177614358718684,
    "confusion_matrix": [
      [
        85731,
        45
      ],
      [
        7776,
        101
      ]
    ]
  }
}